manager,club,first_game,last_game
Diego Simeone,Atlético de Madrid,2012-08-19,2023-11-07
Jürgen Klopp,Borussia Dortmund,2012-08-12,2015-05-30
Jürgen Klopp,Liverpool FC,2015-10-17,2023-11-09
Pep Guardiola,Bayern Munich,2013-07-27,2016-05-21
Pep Guardiola,Manchester City,2016-08-13,2023-11-07
Unai Emery,Paris Saint-Germain,2016-08-06,2018-05-19
Unai Emery,Sevilla FC,2013-01-09,2016-05-22
Unai Emery,Arsenal FC,2018-08-12,2019-11-28
Unai Emery,Villarreal CF,2020-09-13,2022-10-23
Unai Emery,Aston Villa,2022-11-06,2023-11-05
Unai Emery,Spartak Moscow,2012-07-21,2012-11-25
José Mourinho,Chelsea FC,2013-08-18,2015-12-14
José Mourinho,Manchester United,2016-08-07,2018-12-16
José Mourinho,Real Madrid,2012-08-19,2013-06-01
José Mourinho,AS Roma,2021-08-19,2023-11-09
José Mourinho,Tottenham Hotspur,2019-11-23,2021-04-16
Brendan Rodgers,Liverpool FC,2012-08-02,2015-10-04
Brendan Rodgers,Celtic FC,2016-07-12,2023-11-07
Brendan Rodgers,Leicester City,2019-03-03,2023-04-01
Carlo Ancelotti,Paris Saint-Germain,2012-08-11,2013-05-26
Carlo Ancelotti,Bayern Munich,2016-08-14,2017-09-27
Carlo Ancelotti,Real Madrid,2013-08-18,2023-11-08
Carlo Ancelotti,SSC Napoli,2018-08-18,2019-12-10
Carlo Ancelotti,Everton FC,2019-12-26,2021-05-23
Gian Piero Gasperini,Palermo FC,2012-09-23,2013-03-10
Gian Piero Gasperini,Genoa CFC,2013-10-06,2016-05-15
Gian Piero Gasperini,Atalanta BC,2016-08-13,2023-11-09
Massimiliano Allegri,AC Milan,2012-08-26,2014-01-12
Massimiliano Allegri,Juventus FC,2014-08-30,2023-11-05
Stefano Pioli,SS Lazio,2014-08-24,2016-04-03
Stefano Pioli,Inter Milan,2016-11-20,2017-05-07
Stefano Pioli,ACF Fiorentina,2017-08-20,2019-04-07
Stefano Pioli,AC Milan,2019-10-20,2023-11-07
Stefano Pioli,Bologna FC 1909,2012-08-18,2014-01-06
Christophe Galtier,AS Saint-Étienne,2012-08-11,2017-05-20
Christophe Galtier,LOSC Lille,2018-01-13,2021-05-23
Christophe Galtier,OGC Nice,2021-08-08,2022-05-21
Christophe Galtier,Paris Saint-Germain,2022-07-31,2023-06-03
Mauricio Pochettino,RCD Espanyol Barcelona,2012-08-18,2012-11-25
Mauricio Pochettino,Southampton FC,2013-01-21,2014-05-11
Mauricio Pochettino,Tottenham Hotspur,2014-08-16,2019-11-09
Mauricio Pochettino,Paris Saint-Germain,2021-01-06,2022-05-21
Mauricio Pochettino,Chelsea FC,2023-08-13,2023-11-06
Sérgio Conceição,Vitória Guimarães SC,2015-09-27,2016-05-14
Sérgio Conceição,Académica Coimbra,2013-04-19,2015-02-22
Sérgio Conceição,FC Porto,2017-08-09,2023-11-07
Sérgio Conceição,FC Nantes,2016-12-16,2017-05-20
Sérgio Conceição,SC Braga,2014-08-17,2015-05-23
Sérgio Conceição,SC Olhanense,2012-08-17,2012-12-19
Ernesto Valverde,Valencia CF,2012-12-05,2013-06-01
Ernesto Valverde,Athletic Bilbao,2013-08-17,2023-11-05
Ernesto Valverde,FC Barcelona,2017-08-13,2020-01-09
Manuel Pellegrini,Málaga CF,2012-08-18,2013-06-01
Manuel Pellegrini,Manchester City,2013-08-19,2016-05-15
Manuel Pellegrini,West Ham United,2018-08-12,2019-12-28
Manuel Pellegrini,Real Betis Balompié,2020-09-13,2023-11-04
Pedro Martins,Vitória Guimarães SC,2016-01-03,2018-02-18
Pedro Martins,Rio Ave FC,2014-07-31,2016-05-14
Pedro Martins,CS Marítimo,2012-08-02,2014-05-11
Pedro Martins,Olympiacos Piraeus,2018-08-09,2022-07-27
Paulo Fonseca,Shakhtar Donetsk,2016-07-16,2019-05-15
Paulo Fonseca,FC Paços de Ferreira,2012-08-19,2015-05-23
Paulo Fonseca,SC Braga,2015-08-16,2016-05-15
Paulo Fonseca,AS Roma,2019-08-25,2021-05-23
Paulo Fonseca,LOSC Lille,2022-08-07,2023-11-04
Paulo Fonseca,FC Porto,2013-08-10,2014-03-02
Thomas Tuchel,Paris Saint-Germain,2018-08-04,2020-12-23
Thomas Tuchel,Chelsea FC,2021-01-27,2022-09-06
Thomas Tuchel,Bayern Munich,2023-04-01,2023-11-08
Thomas Tuchel,1.FSV Mainz 05,2012-08-19,2014-05-10
Thomas Tuchel,Borussia Dortmund,2015-07-30,2017-05-27
Maurizio Sarri,SSC Napoli,2015-08-23,2018-05-20
Maurizio Sarri,FC Empoli,2012-08-12,2015-05-31
Maurizio Sarri,Chelsea FC,2018-08-05,2019-05-29
Maurizio Sarri,Juventus FC,2019-08-24,2020-08-07
Maurizio Sarri,SS Lazio,2021-08-21,2023-11-07
Jorge Jesus,SL Benfica,2012-08-18,2021-12-19
Jorge Jesus,Sporting CP,2015-08-09,2018-05-13
Jorge Jesus,Fenerbahce,2022-07-20,2023-06-04
Christian Streich,SC Freiburg,2012-08-18,2023-11-09
Peter Bosz,Vitesse Arnhem,2013-08-01,2015-12-18
Peter Bosz,Olympique Lyon,2021-08-07,2022-10-07
Peter Bosz,Bayer 04 Leverkusen,2019-01-19,2021-03-21
Peter Bosz,Ajax Amsterdam,2016-07-26,2017-05-24
Peter Bosz,Borussia Dortmund,2017-08-05,2017-12-09
Peter Bosz,Heracles Almelo,2012-08-11,2013-05-12
Peter Bosz,PSV Eindhoven,2023-08-04,2023-11-08
Erik ten Hag,Go Ahead Eagles,2012-09-25,2012-12-19
Erik ten Hag,FC Utrecht,2015-08-08,2017-12-23
Erik ten Hag,Ajax Amsterdam,2018-01-21,2022-05-15
Erik ten Hag,Manchester United,2022-08-07,2023-11-08
Derek McInnes,Aberdeen FC,2013-04-22,2021-03-06
Derek McInnes,Kilmarnock FC,2022-01-22,2023-11-04
John van den Brom,RSC Anderlecht,2012-07-22,2014-03-08
John van den Brom,AZ Alkmaar,2014-10-05,2019-05-15
John van den Brom,KRC Genk,2020-11-22,2021-12-05
John van den Brom,FC Utrecht,2019-07-25,2020-11-01
David Moyes,Everton FC,2012-08-20,2013-05-19
David Moyes,West Ham United,2017-11-19,2023-11-09
David Moyes,Manchester United,2013-08-11,2014-04-20
David Moyes,Sunderland AFC,2016-08-13,2017-05-21
David Moyes,Real Sociedad,2014-11-22,2015-11-06
Simone Inzaghi,SS Lazio,2016-04-10,2021-05-23
Simone Inzaghi,Inter Milan,2021-08-21,2023-11-08
Rudi Garcia,LOSC Lille,2012-08-11,2013-05-26
Rudi Garcia,AS Roma,2013-08-25,2016-01-09
Rudi Garcia,Olympique Marseille,2016-10-23,2019-05-24
Rudi Garcia,Olympique Lyon,2019-10-19,2021-05-23
Rudi Garcia,SSC Napoli,2023-08-19,2023-11-08
Vincenzo Montella,ACF Fiorentina,2012-08-18,2019-12-20
Vincenzo Montella,UC Sampdoria,2015-11-22,2016-05-14
Vincenzo Montella,Adana Demirspor,2021-09-11,2023-06-07
Vincenzo Montella,Sevilla FC,2018-01-03,2018-04-27
Vincenzo Montella,AC Milan,2016-08-21,2017-11-26
Antonio Conte,Chelsea FC,2016-08-15,2018-05-19
Antonio Conte,Inter Milan,2019-08-26,2021-05-23
Antonio Conte,Tottenham Hotspur,2021-11-07,2023-03-18
Antonio Conte,Juventus FC,2012-09-19,2014-05-18
Lucien Favre,Borussia Mönchengladbach,2012-08-18,2015-09-19
Lucien Favre,OGC Nice,2016-08-14,2023-01-02
Lucien Favre,Borussia Dortmund,2018-08-20,2020-12-12
Riza Calimbay,Sivasspor,2012-08-18,2023-06-06
Riza Calimbay,Caykur Rizespor,2013-08-17,2014-02-08
Riza Calimbay,Kasimpasa,2015-08-16,2016-09-10
Riza Calimbay,Trabzonspor,2017-10-21,2018-05-18
Riza Calimbay,Mersin Talimyurdu SK,2014-08-30,2015-05-30
Riza Calimbay,Antalyaspor,2016-10-17,2017-09-15
Riza Calimbay,Konyaspor,2018-08-12,2018-11-10
Hein Vanhaezebrouck,KAA Gent,2014-07-26,2023-11-05
Hein Vanhaezebrouck,RSC Anderlecht,2017-10-13,2018-12-16
Hein Vanhaezebrouck,KV Kortrijk,2012-07-28,2014-03-16
Claude Puel,OGC Nice,2012-08-11,2016-05-14
Claude Puel,Southampton FC,2016-08-13,2017-05-21
Claude Puel,AS Saint-Étienne,2019-10-06,2021-12-05
Claude Puel,Leicester City,2017-10-29,2019-02-23
Mircea Lucescu,Shakhtar Donetsk,2012-07-09,2016-05-21
Mircea Lucescu,Zenit St. Petersburg,2016-07-23,2017-05-21
Mircea Lucescu,Dynamo Kyiv,2020-08-21,2023-11-03
Luciano Spalletti,AS Roma,2016-01-17,2017-05-28
Luciano Spalletti,Inter Milan,2017-08-20,2019-05-26
Luciano Spalletti,SSC Napoli,2021-08-22,2023-06-04
Luciano Spalletti,Zenit St. Petersburg,2012-07-14,2014-03-09
Nuno Espírito Santo,Rio Ave FC,2012-08-18,2014-05-11
Nuno Espírito Santo,Valencia CF,2014-08-23,2015-11-29
Nuno Espírito Santo,Wolverhampton Wanderers,2018-01-06,2021-05-23
Nuno Espírito Santo,Tottenham Hotspur,2021-08-15,2021-10-30
Nuno Espírito Santo,FC Porto,2016-08-12,2017-05-21
Marcelino,Villarreal CF,2013-08-19,2016-05-15
Marcelino,Valencia CF,2017-08-18,2019-09-01
Marcelino,Athletic Bilbao,2021-01-06,2022-05-22
Marcelino,Olympique Marseille,2023-08-09,2023-09-17
José Luis Mendilibar,SD Eibar,2015-08-24,2021-05-22
José Luis Mendilibar,CA Osasuna,2012-08-20,2013-08-31
José Luis Mendilibar,Deportivo Alavés,2022-01-02,2022-04-02
José Luis Mendilibar,Sevilla FC,2023-04-01,2023-10-07
José Luis Mendilibar,Levante UD,2014-08-24,2014-10-18
Michel Der Zakarian,FC Nantes,2013-08-10,2016-05-14
Michel Der Zakarian,Montpellier HSC,2017-08-05,2023-11-03
Michel Der Zakarian,Stade Brestois 29,2021-08-07,2022-10-09
Marco Silva,Sporting CP,2014-08-16,2015-05-23
Marco Silva,Everton FC,2018-08-11,2019-12-04
Marco Silva,Fulham FC,2022-01-08,2023-11-04
Marco Silva,Watford FC,2017-08-12,2018-01-20
Marco Silva,Hull City,2017-01-07,2017-05-21
Marco Silva,GD Estoril Praia,2012-08-17,2014-05-11
Marco Silva,Olympiacos Piraeus,2015-08-23,2016-05-17
Viktor Goncharenko,FK Ufa,2016-07-31,2016-12-05
Viktor Goncharenko,CSKA Moscow,2017-03-04,2021-03-17
Viktor Goncharenko,Ural Yekaterinburg,2015-07-20,2023-11-06
Viktor Goncharenko,Kuban Krasnodar (-2018),2013-10-20,2014-11-07
Viktor Goncharenko,FK Krasnodar,2021-04-11,2021-12-12
Leonid Slutski,CSKA Moscow,2012-07-21,2016-12-07
Leonid Slutski,Rubin Kazan,2020-03-01,2022-10-05
Leonid Slutski,Vitesse Arnhem,2018-07-26,2019-11-29
Arsène Wenger,Arsenal FC,2012-08-18,2018-05-13
Kent Nielsen,Silkeborg IF,2019-07-14,2023-11-05
Kent Nielsen,Aalborg BK,2012-07-13,2015-06-07
Kent Nielsen,Odense Boldklub,2015-07-19,2018-03-18
Sean Dyche,Everton FC,2023-02-04,2023-11-04
Sean Dyche,Burnley FC,2013-01-05,2022-04-10
Abdullah Avci,Basaksehir FK,2014-08-30,2019-05-24
Abdullah Avci,Trabzonspor,2020-11-22,2023-03-04
Abdullah Avci,Besiktas JK,2019-08-17,2020-01-19
Jess Thorup,Esbjerg fB,2012-07-15,2013-05-20
Jess Thorup,FC Midtjylland,2015-07-14,2018-10-07
Jess Thorup,KRC Genk,2020-09-28,2020-10-30
Jess Thorup,KAA Gent,2018-10-21,2020-08-15
Jess Thorup,FC Copenhagen,2020-11-04,2022-09-18
Jess Thorup,FC Augsburg,2023-10-22,2023-11-04
Julian Nagelsmann,TSG 1899 Hoffenheim,2016-02-13,2019-05-18
Julian Nagelsmann,RB Leipzig,2019-08-11,2021-05-22
Julian Nagelsmann,Bayern Munich,2021-08-13,2023-03-19
Francky Dury,SV Zulte Waregem,2012-07-29,2021-12-15
Rafael Benítez,SSC Napoli,2013-08-25,2015-05-31
Rafael Benítez,Real Madrid,2015-08-23,2016-01-03
Rafael Benítez,Chelsea FC,2012-11-25,2013-05-19
Rafael Benítez,Newcastle United,2016-03-14,2019-05-12
Rafael Benítez,Everton FC,2021-08-14,2022-01-15
Rafael Benítez,Celta de Vigo,2023-08-13,2023-11-04
Roger Schmidt,Bayer 04 Leverkusen,2014-08-15,2017-03-04
Roger Schmidt,SL Benfica,2022-08-02,2023-11-08
Roger Schmidt,PSV Eindhoven,2020-09-13,2022-05-15
Eusebio Di Francesco,AS Roma,2017-08-20,2019-03-06
Eusebio Di Francesco,US Sassuolo,2012-08-12,2017-05-28
Eusebio Di Francesco,Cagliari Calcio,2020-09-20,2021-02-19
Eusebio Di Francesco,Hellas Verona,2021-08-14,2021-09-13
Eusebio Di Francesco,Frosinone Calcio,2023-08-11,2023-11-06
Eusebio Di Francesco,UC Sampdoria,2019-08-17,2019-10-05
Rui Vitória,Vitória Guimarães SC,2012-08-19,2015-05-23
Rui Vitória,SL Benfica,2015-08-09,2019-01-02
Rui Vitória,Spartak Moscow,2021-07-24,2021-12-13
Leonardo Jardim,AS Monaco,2014-08-10,2019-12-21
Leonardo Jardim,Sporting CP,2013-08-18,2014-05-11
Leonardo Jardim,Olympiacos Piraeus,2012-08-26,2013-01-16
Siniša Mihajlović,UC Sampdoria,2013-11-24,2015-05-31
Siniša Mihajlović,Torino FC,2016-08-13,2018-01-03
Siniša Mihajlović,AC Milan,2015-08-17,2016-04-09
Siniša Mihajlović,Bologna FC 1909,2019-02-03,2022-09-04
Rolando Maran,Chievo Verona,2014-10-26,2018-04-28
Rolando Maran,Cagliari Calcio,2018-08-12,2020-03-01
Rolando Maran,Catania FC,2012-08-18,2014-04-06
Rolando Maran,Genoa CFC,2020-09-20,2020-12-20
Razvan Lucescu,AO Xanthi,2014-09-27,2017-04-30
Razvan Lucescu,PAOK Thessaloniki,2017-08-17,2023-11-05
Eddie Howe,AFC Bournemouth,2012-11-03,2020-07-26
Eddie Howe,Newcastle United,2021-11-27,2023-11-07
Yuriy Vernydub,Zorya Lugansk,2012-07-14,2019-04-17
Yuriy Vernydub,Kryvbas Kryvyi Rig,2022-08-23,2023-11-06
Ralph Hasenhüttl,FC Ingolstadt 04,2013-12-04,2016-05-14
Ralph Hasenhüttl,RB Leipzig,2016-08-20,2018-05-12
Ralph Hasenhüttl,Southampton FC,2018-12-08,2022-11-06
Ronald Koeman,Feyenoord Rotterdam,2012-07-31,2014-05-03
Ronald Koeman,Southampton FC,2014-08-17,2016-05-15
Ronald Koeman,Everton FC,2016-08-13,2017-10-22
Ronald Koeman,FC Barcelona,2020-09-27,2021-10-27
Neil Lennon,Celtic FC,2012-08-01,2021-02-21
Neil Lennon,Hibernian FC,2016-07-14,2019-01-23
Felice Mazzù,RSC Charleroi,2013-07-26,2023-11-05
Felice Mazzù,Royale Union Saint-Gilloise,2021-07-25,2022-04-10
Felice Mazzù,KRC Genk,2019-07-20,2019-11-10
Felice Mazzù,RSC Anderlecht,2022-07-24,2022-10-23
Tommy Wright,St. Johnstone FC,2013-07-18,2020-03-07
Tommy Wright,Kilmarnock FC,2021-02-10,2021-11-27
Dieter Hecking,1.FC Nuremberg,2012-08-19,2023-04-05
Dieter Hecking,VfL Wolfsburg,2013-01-19,2016-10-16
Dieter Hecking,Borussia Mönchengladbach,2017-01-21,2019-05-18
Dieter Hecking,Hamburger SV,2019-08-11,2019-10-29
Henk Fraser,ADO Den Haag,2014-02-07,2016-05-08
Henk Fraser,Vitesse Arnhem,2016-08-06,2018-04-18
Henk Fraser,Sparta Rotterdam,2018-09-25,2022-04-22
Henk Fraser,FC Utrecht,2022-08-06,2022-11-12
Henk Fraser,RKC Waalwijk,2023-08-12,2023-11-04
Ron Jans,PEC Zwolle,2013-08-04,2017-05-14
Ron Jans,Twente Enschede FC,2020-09-12,2023-05-28
Ron Jans,Standard Liège,2012-07-29,2012-10-21
Ron Jans,FC Utrecht,2023-09-16,2023-11-05
Claudio Ranieri,AS Monaco,2013-08-10,2014-05-17
Claudio Ranieri,Leicester City,2015-08-08,2017-02-22
Claudio Ranieri,FC Nantes,2017-08-06,2018-05-19
Claudio Ranieri,UC Sampdoria,2019-10-20,2021-05-22
Claudio Ranieri,AS Roma,2019-03-11,2019-05-26
Claudio Ranieri,Fulham FC,2018-11-24,2019-02-27
Claudio Ranieri,Watford FC,2021-10-16,2022-01-21
Claudio Ranieri,Cagliari Calcio,2023-08-12,2023-11-05
Julen Lopetegui,FC Porto,2014-08-15,2016-01-06
Julen Lopetegui,Sevilla FC,2019-08-18,2022-10-05
Julen Lopetegui,Wolverhampton Wanderers,2022-12-20,2023-05-28
Julen Lopetegui,Real Madrid,2018-08-15,2018-10-28
Phillip Cocu,Fenerbahce,2018-08-07,2018-10-28
Phillip Cocu,Vitesse Arnhem,2022-10-01,2023-11-04
Phillip Cocu,PSV Eindhoven,2013-07-30,2018-05-06
Bruno Génésio,Olympique Lyon,2016-01-09,2019-05-24
Bruno Génésio,Stade Rennais FC,2021-03-10,2023-11-09
Sergey Semak,FK Ufa,2017-03-01,2018-05-13
Sergey Semak,Zenit St. Petersburg,2014-03-15,2023-11-04
Javi Gracia,CA Osasuna,2013-09-15,2014-05-18
Javi Gracia,Málaga CF,2014-08-23,2016-05-15
Javi Gracia,Rubin Kazan,2016-08-01,2017-05-21
Javi Gracia,Watford FC,2018-01-27,2019-08-31
Javi Gracia,Valencia CF,2020-09-13,2021-05-02
Javi Gracia,Leeds United,2023-02-25,2023-04-30
Javi Gracia,UD Almería,2012-09-11,2012-11-29
Stale Solbakken,FC Copenhagen,2014-07-20,2020-10-04
Walter Mazzarri,SSC Napoli,2012-08-11,2013-05-19
Walter Mazzarri,Inter Milan,2013-08-18,2014-11-09
Walter Mazzarri,Torino FC,2018-01-06,2020-02-02
Walter Mazzarri,Cagliari Calcio,2021-09-19,2022-04-30
Walter Mazzarri,Watford FC,2016-08-13,2017-05-21
Niko Kovac,Eintracht Frankfurt,2016-03-12,2018-05-19
Niko Kovac,Bayern Munich,2018-08-12,2019-11-02
Niko Kovac,AS Monaco,2020-08-23,2021-12-22
Niko Kovac,VfL Wolfsburg,2022-07-30,2023-11-05
Petit,Boavista FC,2014-08-17,2023-11-05
Petit,CD Tondela,2015-12-13,2017-01-08
Petit,Moreirense FC,2017-04-02,2018-05-13
Petit,B SAD,2020-01-18,2021-10-03
Petit,FC Paços de Ferreira,2017-11-05,2018-01-08
Petit,CS Marítimo,2018-12-01,2019-03-09
Markus Weinzierl,FC Augsburg,2012-08-17,2022-05-14
Markus Weinzierl,FC Schalke 04,2016-08-20,2017-05-20
Markus Weinzierl,VfB Stuttgart,2018-10-20,2019-04-20
Markus Weinzierl,1.FC Nuremberg,2022-10-18,2023-02-08
Dick Advocaat,AZ Alkmaar,2013-09-25,2014-05-03
Dick Advocaat,Feyenoord Rotterdam,2019-11-03,2021-05-16
Dick Advocaat,FC Utrecht,2018-09-23,2019-05-15
Dick Advocaat,Sunderland AFC,2015-03-21,2015-10-03
Dick Advocaat,Fenerbahce,2016-08-18,2017-06-03
Dick Advocaat,Sparta Rotterdam,2018-01-16,2018-05-06
Dick Advocaat,ADO Den Haag,2023-01-10,2023-03-02
Dick Advocaat,PSV Eindhoven,2012-08-05,2013-05-12
Okan Buruk,Gaziantepspor (- 2020),2014-08-31,2015-05-29
Okan Buruk,Akhisarspor,2017-04-01,2018-05-18
Okan Buruk,Caykur Rizespor,2018-09-30,2019-05-24
Okan Buruk,Basaksehir FK,2019-08-07,2021-01-23
Okan Buruk,Galatasaray,2022-08-07,2023-11-08
Okan Buruk,Sivasspor,2015-10-28,2016-02-05
Okan Buruk,Elazigspor,2013-11-03,2014-05-17
Georgios Paraschos,APO Levadiakos,2012-08-25,2013-03-16
Georgios Paraschos,AO Platanias,2015-03-18,2017-10-29
Georgios Paraschos,Asteras Tripolis,2018-11-24,2019-05-05
Georgios Paraschos,AO Xanthi,2019-12-14,2020-03-01
Georgios Paraschos,Atromitos Athens,2013-04-14,2021-12-18
Georgios Paraschos,Apollon Smyrnis,2017-12-16,2021-03-14
Zinédine Zidane,Real Madrid,2016-01-09,2021-05-22
Aykut Kocaman,Konyaspor,2014-11-03,2020-02-08
Aykut Kocaman,Fenerbahce,2012-08-01,2018-05-19
Aykut Kocaman,Basaksehir FK,2021-02-02,2021-10-01
Philippe Clement,SK Beveren,2017-07-29,2017-12-16
Philippe Clement,KRC Genk,2017-12-23,2019-03-17
Philippe Clement,Club Brugge KV,2012-11-08,2021-12-26
Philippe Clement,AS Monaco,2022-01-09,2023-06-03
Philippe Clement,Rangers FC,2023-10-21,2023-11-09
Jagoba Arrasate,Real Sociedad,2013-08-17,2014-11-01
Jagoba Arrasate,CA Osasuna,2019-08-17,2023-11-04
Jocelyn Gourvennec,EA Guingamp,2013-08-11,2019-05-24
Jocelyn Gourvennec,LOSC Lille,2021-08-01,2022-05-21
Jocelyn Gourvennec,FC Girondins Bordeaux,2016-08-13,2018-01-16
Hamza Hamzaoglu,Akhisarspor,2012-08-17,2014-05-18
Hamza Hamzaoglu,Bursaspor,2015-12-19,2017-01-21
Hamza Hamzaoglu,Genclerbirligi Ankara,2019-11-02,2020-07-25
Hamza Hamzaoglu,Yeni Malatyaspor,2020-09-12,2021-02-20
Hamza Hamzaoglu,Kayserispor,2021-04-03,2021-04-24
Hamza Hamzaoglu,Caykur Rizespor,2021-09-26,2022-02-18
Hamza Hamzaoglu,Galatasaray,2014-12-06,2015-11-07
Hamza Hamzaoglu,Ankaraspor,2017-04-02,2017-06-03
Hamza Hamzaoglu,Antalyaspor,2018-01-21,2018-05-18
Hamza Hamzaoglu,Erzurumspor FK,2019-03-10,2019-05-26
Roberto De Zerbi,US Sassuolo,2018-08-12,2021-05-23
Roberto De Zerbi,Brighton & Hove Albion,2022-10-01,2023-11-09
Roberto De Zerbi,Shakhtar Donetsk,2021-07-24,2021-12-11
Roberto De Zerbi,Palermo FC,2016-09-10,2016-11-30
Roberto De Zerbi,Benevento Calcio,2017-10-25,2018-05-20
Antoine Kombouaré,RC Lens,2014-08-09,2015-05-23
Antoine Kombouaré,EA Guingamp,2016-08-12,2018-11-04
Antoine Kombouaré,FC Nantes,2021-02-14,2023-05-07
Antoine Kombouaré,FC Toulouse,2019-10-19,2019-12-21
Antoine Kombouaré,Dijon FCO,2019-01-13,2019-05-24
Senol Günes,Bursaspor,2014-07-17,2015-05-30
Senol Günes,Besiktas JK,2015-08-16,2023-06-07
Senol Günes,Trabzonspor,2012-08-23,2013-01-27
Sergio,Real Valladolid CF,2018-09-27,2021-05-22
Sergio,Cádiz CF,2022-01-15,2023-11-06
Sergio,RCD Espanyol Barcelona,2014-08-23,2015-12-12
Yves Vanderhaeghe,KV Oostende,2015-07-25,2022-10-29
Yves Vanderhaeghe,KV Kortrijk,2014-07-27,2021-01-30
Yves Vanderhaeghe,Cercle Brugge,2021-02-06,2021-11-27
Yves Vanderhaeghe,KAA Gent,2017-10-14,2018-10-07
Apostolos Mantzios,APO Levadiakos,2015-02-15,2018-10-21
Apostolos Mantzios,Aris Thessaloniki,2020-09-27,2023-11-05
Apostolos Mantzios,AOK Kerkyra,2012-08-26,2013-02-03
Apostolos Mantzios,Panthrakikos Komotini,2013-08-18,2014-11-02
Apostolos Mantzios,Panionios Athens,2018-12-10,2019-09-01
Apostolos Mantzios,PAS Lamia 1964,2019-10-28,2020-03-01
Apostolos Mantzios,Apollon Smyrnis,2017-08-21,2017-09-23
Apostolos Mantzios,Asteras Tripolis,2023-01-04,2023-03-12
Imanol Alguacil,Real Sociedad,2018-04-01,2023-11-08
Giannis Petrakis,GS Ergotelis,2013-08-17,2014-01-11
Giannis Petrakis,PAS Giannina,2014-02-01,2019-05-05
Giannis Petrakis,Panetolikos GFS,2023-10-08,2023-11-05
Giannis Petrakis,OFI Crete FC,2013-01-07,2013-04-21
Giannis Petrakis,APO Levadiakos,2023-02-20,2023-03-12
Giannis Petrakis,Apollon Smyrnis,2021-09-11,2021-09-22
Hikmet Karaman,Gaziantepspor (- 2020),2012-08-18,2013-02-03
Hikmet Karaman,Bursaspor,2013-02-09,2013-08-08
Hikmet Karaman,Kayseri Erciyesspor,2013-12-23,2014-05-17
Hikmet Karaman,Caykur Rizespor,2014-12-15,2017-06-03
Hikmet Karaman,Alanyaspor,2018-01-19,2018-02-24
Hikmet Karaman,Kayserispor,2018-12-10,2022-05-21
Hikmet Karaman,Yeni Malatyaspor,2020-03-07,2020-07-25
Hikmet Karaman,MKE Ankaragücü,2021-02-13,2021-05-15
Alan Pardew,Newcastle United,2012-08-18,2014-12-28
Alan Pardew,Crystal Palace,2015-01-04,2016-12-17
Alan Pardew,West Bromwich Albion,2017-12-02,2018-03-31
Alan Pardew,Aris Thessaloniki,2022-09-18,2023-02-04
Alan Pardew,ADO Den Haag,2020-01-19,2020-03-07
Ersun Yanal,Trabzonspor,2014-11-22,2017-10-15
Ersun Yanal,Alanyaspor,2023-03-03,2023-04-18
Ersun Yanal,Fenerbahce,2013-07-31,2020-02-23
Ersun Yanal,Antalyaspor,2020-11-22,2021-10-01
Ersun Yanal,Eskisehirspor,2012-07-19,2013-05-19
Luis Enrique,Celta de Vigo,2013-08-19,2014-05-17
Luis Enrique,FC Barcelona,2014-08-24,2017-05-27
Luis Enrique,Paris Saint-Germain,2023-08-12,2023-11-07
Giannis Anastasiou,Panathinaikos Athens,2013-08-18,2015-11-01
Giannis Anastasiou,Roda JC Kerkrade,2016-08-07,2017-05-14
Giannis Anastasiou,KV Kortrijk,2017-07-29,2017-11-04
Giannis Anastasiou,Atromitos Athens,2019-07-25,2019-11-10
Giannis Anastasiou,Panetolikos GFS,2021-09-11,2023-03-12
Giannis Anastasiou,AE Kifisias,2023-08-19,2023-11-04
Giovanni van Bronckhorst,Feyenoord Rotterdam,2015-08-08,2019-05-15
Giovanni van Bronckhorst,Rangers FC,2021-11-25,2022-11-12
Ivan Juric,Genoa CFC,2016-08-12,2018-12-06
Ivan Juric,Hellas Verona,2019-08-18,2021-05-23
Ivan Juric,Torino FC,2021-08-15,2023-11-06
Ivan Juric,FC Crotone,2015-08-09,2015-12-01
Pepe Bordalás,Getafe CF,2017-08-20,2023-11-06
Pepe Bordalás,Valencia CF,2021-08-13,2022-05-21
Fran Escribá,Elche CF,2012-09-12,2021-11-21
Fran Escribá,Celta de Vigo,2019-03-10,2019-11-03
Fran Escribá,Getafe CF,2015-08-22,2016-04-10
Fran Escribá,Villarreal CF,2016-08-17,2017-09-24
Sam Allardyce,West Ham United,2012-08-18,2015-05-24
Sam Allardyce,Sunderland AFC,2015-10-17,2016-05-15
Sam Allardyce,Crystal Palace,2016-12-26,2017-05-21
Sam Allardyce,West Bromwich Albion,2020-12-20,2021-05-23
Sam Allardyce,Everton FC,2017-12-02,2018-05-13
Sam Allardyce,Leeds United,2023-05-06,2023-05-28
André Villas-Boas,Zenit St. Petersburg,2014-03-24,2016-05-21
André Villas-Boas,Tottenham Hotspur,2012-08-18,2013-12-15
André Villas-Boas,Olympique Marseille,2019-08-10,2021-01-23
Glen Riddersholm,FC Midtjylland,2012-07-15,2015-06-07
Glen Riddersholm,Aarhus GF,2016-02-26,2017-09-29
Glen Riddersholm,SönderjyskE,2019-02-09,2021-05-13
Slaven Bilic,Lokomotiv Moscow,2012-07-20,2013-05-26
Slaven Bilic,West Ham United,2015-07-09,2017-11-04
Slaven Bilic,Besiktas JK,2013-08-18,2015-05-29
Slaven Bilic,West Bromwich Albion,2020-01-05,2020-12-15
Peter Maes,KSC Lokeren (- 2020),2012-07-22,2018-10-27
Peter Maes,KRC Genk,2015-07-25,2016-12-21
Peter Maes,Sint-Truidense VV,2020-12-12,2021-04-18
Peter Maes,Beerschot V.A.,2021-07-27,2021-09-13
Roberto Donadoni,Parma Calcio 1913,2012-08-25,2015-05-31
Roberto Donadoni,Bologna FC 1909,2015-11-01,2018-05-20
Marco Rose,Borussia Mönchengladbach,2019-08-09,2021-05-22
Marco Rose,Borussia Dortmund,2021-08-07,2022-05-14
Marco Rose,RB Leipzig,2022-09-10,2023-11-07
Volodymyr Sharan,FK Oleksandriya,2013-08-07,2021-05-09
Volodymyr Sharan,FK Minaj,2022-08-29,2023-11-05
Quique Setién,UD Las Palmas,2015-10-25,2017-05-20
Quique Setién,Real Betis Balompié,2017-08-20,2019-05-19
Quique Setién,Villarreal CF,2022-10-30,2023-09-01
Quique Setién,FC Barcelona,2020-01-19,2020-08-14
Mark Hughes,Southampton FC,2018-03-18,2018-12-01
Mark Hughes,Queens Park Rangers,2012-08-18,2012-11-17
Mark Hughes,Stoke City,2013-08-17,2018-01-06
Valeriy Karpin,FK Rostov,2018-03-03,2023-11-06
Valeriy Karpin,Spartak Moscow,2012-11-30,2014-03-17
Michel,Olympiacos Piraeus,2013-02-09,2023-03-12
Michel,Olympique Marseille,2015-08-23,2016-04-17
Michel,Sevilla FC,2012-08-18,2013-01-12
Michel,Getafe CF,2021-08-13,2021-10-03
Michel,Málaga CF,2017-03-11,2018-01-12
Adi Hütter,Eintracht Frankfurt,2018-08-12,2021-05-22
Adi Hütter,AS Monaco,2023-08-13,2023-11-05
Adi Hütter,Borussia Mönchengladbach,2021-08-09,2022-05-14
Michalis Grigoriou,AOK Kerkyra,2013-09-18,2017-04-09
Michalis Grigoriou,Panionios Athens,2017-07-13,2018-05-06
Michalis Grigoriou,PAS Lamia 1964,2021-01-04,2022-02-28
Michalis Grigoriou,AE Larisa,2019-08-25,2020-11-22
Michalis Grigoriou,Panserraikos,2012-10-25,2012-12-23
Michalis Grigoriou,Atromitos Athens,2015-07-30,2015-11-02
Michalis Grigoriou,Ionikos Nikeas,2023-01-30,2023-03-12
Marinos Ouzounidis,Panionios Athens,2014-12-14,2016-04-17
Marinos Ouzounidis,Panathinaikos Athens,2016-12-04,2018-05-07
Marinos Ouzounidis,AEK Athens,2018-08-08,2019-02-03
Marinos Ouzounidis,AO Xanthi,2012-09-01,2013-04-21
Marinos Ouzounidis,GS Ergotelis,2014-01-27,2014-04-13
Marinos Ouzounidis,AO Platanias,2013-08-17,2013-11-02
Michel Preud'homme,Club Brugge KV,2013-09-28,2017-03-12
Michel Preud'homme,Standard Liège,2018-07-22,2020-03-07
Stéphane Moulin,Angers SCO,2015-08-08,2021-05-23
Marco Giampaolo,UC Sampdoria,2016-08-14,2022-10-02
Marco Giampaolo,Torino FC,2020-09-19,2021-01-16
Marco Giampaolo,FC Empoli,2015-08-15,2016-05-15
Marco Giampaolo,AC Milan,2019-08-25,2019-10-05
Marco Giampaolo,Brescia Calcio,2013-08-11,2013-08-17
Markus Gisdol,Hamburger SV,2016-10-01,2018-01-20
Markus Gisdol,Lokomotiv Moscow,2021-10-16,2021-12-12
Markus Gisdol,TSG 1899 Hoffenheim,2013-04-05,2015-10-23
Markus Gisdol,1.FC Köln,2019-11-23,2021-04-11
Markus Gisdol,Samsunspor,2023-10-22,2023-11-08
Gennaro Gattuso,OFI Crete FC,2014-08-23,2014-12-20
Gennaro Gattuso,AC Milan,2017-12-03,2019-05-26
Gennaro Gattuso,SSC Napoli,2019-12-14,2021-05-23
Gennaro Gattuso,Valencia CF,2022-08-14,2023-01-29
Gennaro Gattuso,Olympique Marseille,2023-09-30,2023-11-09
Miodrag Bozovic,FK Rostov,2012-07-21,2014-09-24
Miodrag Bozovic,Arsenal Tula,2017-07-18,2022-05-21
Miodrag Bozovic,Lokomotiv Moscow,2014-10-18,2015-05-10
Miodrag Bozovic,Krylya Sovetov Samara,2018-10-20,2020-06-26
Urs Fischer,1.FC Union Berlin,2018-08-19,2023-11-08
Oleg Kononov,FK Krasnodar,2013-08-18,2016-09-11
Oleg Kononov,FK Sevastopol (- 2014),2012-08-22,2013-08-09
Oleg Kononov,Spartak Moscow,2018-11-25,2019-09-29
Oleg Kononov,Akhmat Grozny,2017-07-16,2017-10-30
Oleg Kononov,Arsenal Tula,2018-07-29,2022-10-05
Igor Tudor,Kardemir Karabükspor,2016-08-22,2017-02-10
Igor Tudor,Galatasaray,2017-02-18,2017-12-17
Igor Tudor,Udinese Calcio,2018-04-29,2019-10-30
Igor Tudor,PAOK Thessaloniki,2015-07-16,2016-03-06
Igor Tudor,Olympique Marseille,2022-08-07,2023-06-03
Igor Tudor,Hellas Verona,2021-09-19,2022-05-21
Ole Gunnar Solskjaer,Manchester United,2018-12-22,2021-11-20
Ole Gunnar Solskjaer,Cardiff City,2014-01-04,2014-05-11
Steven Gerrard,Rangers FC,2018-07-12,2021-11-07
Steven Gerrard,Aston Villa,2021-11-20,2022-10-20
Pál Dárdai,Hertha BSC,2015-02-07,2023-11-01
Kasper Hjulmand,1.FSV Mainz 05,2014-07-31,2015-02-13
Kasper Hjulmand,FC Nordsjaelland,2012-07-16,2019-03-17
Olivier Dall'Oglio,Dijon FCO,2016-08-13,2018-12-22
Olivier Dall'Oglio,Montpellier HSC,2021-08-08,2022-10-15
Olivier Dall'Oglio,Stade Brestois 29,2019-08-09,2021-05-23
Frank de Boer,Ajax Amsterdam,2012-08-05,2016-05-08
Frank de Boer,Inter Milan,2016-08-21,2016-10-30
Frank de Boer,Crystal Palace,2017-08-12,2017-09-10
Quique Sánchez Flores,Watford FC,2015-08-08,2019-11-30
Quique Sánchez Flores,RCD Espanyol Barcelona,2016-08-20,2018-04-18
Quique Sánchez Flores,Getafe CF,2015-01-07,2023-04-26
Paco Jémez,Granada CF,2016-08-20,2016-10-15
Paco Jémez,Rayo Vallecano,2012-08-20,2020-01-29
Paco Jémez,UD Las Palmas,2018-01-03,2018-05-19
Viktor Skrypnyk,SV Werder Bremen,2014-10-28,2016-09-17
Viktor Skrypnyk,Zorya Lugansk,2019-07-25,2021-12-12
Viktor Skrypnyk,Vorskla Poltava,2022-07-21,2023-11-05
Roberto Mancini,Manchester City,2012-08-12,2013-05-11
Roberto Mancini,Galatasaray,2013-10-02,2014-05-17
Roberto Mancini,Inter Milan,2014-11-23,2016-05-14
Roberto Mancini,Zenit St. Petersburg,2017-07-16,2018-05-13
Niels Frederiksen,Bröndby IF,2019-07-11,2022-11-13
Niels Frederiksen,Esbjerg fB,2013-07-22,2015-08-09
Pêpa,CD Tondela,2017-01-16,2019-04-19
Pêpa,Vitória Guimarães SC,2021-07-26,2022-05-15
Pêpa,FC Paços de Ferreira,2019-09-14,2021-05-18
Pêpa,Moreirense FC,2016-08-13,2016-11-06
Pêpa,CD Feirense,2015-08-02,2016-01-27
Thomas Frank,Bröndby IF,2013-07-21,2016-03-06
Thomas Frank,Brentford FC,2019-01-05,2023-11-04
Philippe Montanier,Stade Rennais FC,2013-08-10,2016-01-16
Philippe Montanier,Real Sociedad,2012-08-19,2013-06-01
Philippe Montanier,Standard Liège,2020-08-08,2020-12-26
Philippe Montanier,FC Toulouse,2022-08-07,2023-06-03
Roman Grygorchuk,Chornomorets Odessa,2012-07-14,2023-11-05
Vladimir Fedotov,FC Sochi,2020-03-01,2022-05-21
Vladimir Fedotov,FK Orenburg,2017-08-23,2019-12-07
Vladimir Fedotov,CSKA Moscow,2022-07-16,2023-11-05
Pascal Dupraz,Thonon Évian Grand Genève FC,2012-09-15,2015-05-23
Pascal Dupraz,AS Saint-Étienne,2021-12-22,2022-05-21
Pascal Dupraz,FC Toulouse,2016-03-06,2018-01-20
Carlos Carvalhal,Basaksehir FK,2012-08-19,2012-11-10
Carlos Carvalhal,Swansea City,2017-12-30,2018-05-13
Carlos Carvalhal,Celta de Vigo,2022-11-05,2023-06-04
Carlos Carvalhal,Rio Ave FC,2019-08-03,2020-07-25
Carlos Carvalhal,SC Braga,2020-09-19,2022-05-15
John Stegeman,Heracles Almelo,2014-09-13,2018-05-06
John Stegeman,PEC Zwolle,2019-08-02,2021-02-20
John Stegeman,Go Ahead Eagles,2018-09-25,2018-10-31
Stephen Robinson,St. Mirren FC,2022-02-26,2023-11-08
Stephen Robinson,Motherwell FC,2017-03-04,2020-12-30
Yuri Semin,Anzhi Makhachkala ( -2022),2015-07-19,2015-09-26
Yuri Semin,Lokomotiv Moscow,2016-08-28,2020-03-15
Yuri Semin,Mordovia Saransk (-2020),2014-08-02,2015-05-30
Yuri Semin,FK Rostov,2021-08-08,2021-09-22
Fatih Terim,Galatasaray,2012-08-20,2022-01-08
Alan Archibald,Partick Thistle FC,2013-08-02,2018-04-07
Kurban Berdyev,Rubin Kazan,2012-07-14,2019-05-26
Kurban Berdyev,FK Rostov,2015-03-08,2016-08-03
Kurban Berdyev,FC Sochi,2023-03-05,2023-04-09
Roy Hodgson,Crystal Palace,2017-09-16,2023-11-04
Roy Hodgson,Watford FC,2022-02-05,2022-05-22
Bruno Labbadia,Hamburger SV,2015-04-19,2016-09-24
Bruno Labbadia,VfB Stuttgart,2012-08-18,2023-04-01
Bruno Labbadia,VfL Wolfsburg,2018-02-23,2019-05-18
Bruno Labbadia,Hertha BSC,2020-05-16,2021-01-23
Thomas Thomasberg,Randers FC,2018-07-16,2023-03-19
Thomas Thomasberg,Hobro IK,2017-07-16,2018-04-12
Thomas Thomasberg,FC Midtjylland,2023-07-21,2023-11-05
Tony Pulis,Crystal Palace,2013-11-30,2014-05-11
Tony Pulis,West Bromwich Albion,2015-01-03,2017-11-18
Tony Pulis,Middlesbrough FC,2018-01-06,2019-02-05
Tony Pulis,Stoke City,2012-08-18,2013-05-19
Ricardo Sá Pinto,CF Os Belenenses,2015-07-30,2015-12-14
Ricardo Sá Pinto,Atromitos Athens,2014-09-27,2017-04-30
Ricardo Sá Pinto,OFI Crete FC,2013-10-20,2014-04-16
Ricardo Sá Pinto,Moreirense FC,2022-01-30,2022-05-14
Ricardo Sá Pinto,Standard Liège,2017-07-30,2018-03-11
Ricardo Sá Pinto,SC Braga,2019-08-08,2019-12-22
Ricardo Sá Pinto,Gaziantep FK,2021-01-24,2021-05-15
Ricardo Sá Pinto,Sporting CP,2012-08-19,2012-10-04
Paulo Sousa,ACF Fiorentina,2015-08-23,2017-05-28
Paulo Sousa,FC Girondins Bordeaux,2019-03-17,2020-03-08
Paulo Sousa,US Salernitana 1919,2023-02-19,2023-10-08
Steve Bruce,Hull City,2013-01-05,2016-03-08
Steve Bruce,Newcastle United,2019-08-11,2021-10-17
Steve Bruce,West Bromwich Albion,2022-08-11,2022-08-23
Steve Bruce,Aston Villa,2017-01-08,2018-01-06
Daniel Ramos,CS Marítimo,2016-09-25,2018-05-13
Daniel Ramos,CD Santa Clara,2016-07-30,2021-10-02
Daniel Ramos,FC Famalicão,2015-09-23,2016-01-27
Daniel Ramos,Boavista FC,2020-01-04,2020-07-25
Daniel Ramos,Rio Ave FC,2019-01-06,2019-03-17
Daniel Ramos,FC Arouca,2023-07-30,2023-11-06
Daniel Ramos,GD Chaves,2018-07-29,2018-12-08
Erwin van de Looi,FC Groningen,2013-02-09,2016-05-08
Erwin van de Looi,Willem II Tilburg,2016-08-06,2018-03-03
Maurice Steijn,ADO Den Haag,2012-08-12,2014-02-04
Maurice Steijn,VVV-Venlo,2014-09-23,2019-05-15
Maurice Steijn,Sparta Rotterdam,2022-04-30,2023-05-28
Maurice Steijn,Ajax Amsterdam,2023-08-12,2023-10-22
Mikel Arteta,Arsenal FC,2019-12-26,2023-11-08
Oliver Glasner,VfL Wolfsburg,2019-08-12,2021-05-22
Oliver Glasner,Eintracht Frankfurt,2021-08-08,2023-06-03
Rashid Rakhimov,Akhmat Grozny,2013-11-10,2019-09-30
Rashid Rakhimov,FK Ufa,2020-10-17,2021-04-03
Rashid Rakhimov,Rubin Kazan,2023-07-22,2023-11-06
Savvas Pantelidis,APO Levadiakos,2014-02-15,2015-02-07
Savvas Pantelidis,Asteras Tripolis,2017-09-16,2018-11-11
Savvas Pantelidis,Iraklis Thessaloniki,2016-11-07,2017-04-30
Savvas Pantelidis,Aris Thessaloniki,2018-11-25,2019-08-31
Savvas Pantelidis,PAS Lamia 1964,2022-12-14,2023-02-13
Savvas Pantelidis,Panthrakikos Komotini,2012-08-26,2012-10-27
Savvas Pantelidis,Atromitos Athens,2019-12-08,2021-03-14
Savvas Pantelidis,PAS Giannina,2013-08-18,2013-10-27
Thierry Laurey,RC Strasbourg Alsace,2017-08-05,2021-05-23
Thierry Laurey,GFC Ajaccio,2015-08-08,2016-05-14
Eduardo Berizzo,Celta de Vigo,2014-08-24,2017-05-21
Eduardo Berizzo,Athletic Bilbao,2018-09-23,2018-12-03
Eduardo Berizzo,Sevilla FC,2017-08-16,2017-12-20
Jurgen Streppel,Willem II Tilburg,2012-08-10,2016-05-08
Jurgen Streppel,SC Heerenveen,2016-08-07,2018-05-06
Jurgen Streppel,Roda JC Kerkrade,2020-10-28,2022-10-18
Ivo Vieira,CS Marítimo,2015-03-08,2016-01-16
Ivo Vieira,Moreirense FC,2018-07-29,2019-03-17
Ivo Vieira,Gil Vicente FC,2022-08-03,2022-10-30
Ivo Vieira,Vitória Guimarães SC,2019-07-25,2020-07-24
Ivo Vieira,FC Famalicão,2021-03-15,2021-12-17
Ivo Vieira,GD Estoril Praia,2017-11-26,2018-05-13
Ivo Vieira,Pendikspor,2023-10-21,2023-11-04
Makis Chavos,Panetolikos GFS,2013-08-18,2020-10-26
Makis Chavos,PAS Lamia 1964,2018-09-16,2019-05-04
Makis Chavos,Asteras Tripolis,2016-03-07,2016-09-25
René Hake,Twente Enschede FC,2015-09-12,2017-10-15
René Hake,FC Utrecht,2020-11-08,2022-03-20
René Hake,Go Ahead Eagles,2022-08-07,2023-11-04
René Hake,SC Cambuur Leeuwarden,2018-09-25,2018-10-30
Florian Kohfeldt,VfL Wolfsburg,2021-10-30,2022-05-14
Florian Kohfeldt,KAS Eupen,2023-07-29,2023-11-03
Florian Kohfeldt,SV Werder Bremen,2017-11-03,2021-05-15
Erol Bulut,Yeni Malatyaspor,2017-10-01,2019-04-20
Erol Bulut,Alanyaspor,2019-08-17,2020-07-25
Erol Bulut,Fenerbahce,2020-09-11,2021-03-21
Erol Bulut,Gaziantep FK,2021-08-14,2023-01-22
Erol Bulut,Cardiff City,2023-08-09,2023-09-27
Luís Castro,FC Porto,2014-03-09,2014-05-10
Luís Castro,Shakhtar Donetsk,2019-07-28,2021-05-09
Luís Castro,GD Chaves,2017-08-10,2018-05-11
Luís Castro,Vitória Guimarães SC,2018-08-06,2019-04-06
Luís Castro,Rio Ave FC,2016-11-25,2017-05-20
Luís Castro,Panetolikos GFS,2019-08-25,2019-10-07
Jorge Simão,FC Paços de Ferreira,2015-08-17,2021-12-10
Jorge Simão,CF Os Belenenses,2015-03-22,2015-05-23
Jorge Simão,Boavista FC,2017-09-16,2019-01-20
Jorge Simão,GD Chaves,2016-08-20,2016-12-10
Jorge Simão,CD Santa Clara,2023-01-13,2023-03-05
Jorge Simão,Royal Excel Mouscron (-2022),2020-11-22,2021-04-18
Jorge Simão,SC Braga,2016-12-22,2017-04-23
Sergen Yalcin,Gaziantepspor (- 2020),2013-11-24,2016-05-19
Sergen Yalcin,Alanyaspor,2018-11-24,2019-05-24
Sergen Yalcin,Besiktas JK,2020-02-01,2021-12-07
Sergen Yalcin,Sivasspor,2014-12-28,2015-10-24
Sergen Yalcin,Konyaspor,2018-03-11,2018-05-19
Sergen Yalcin,Yeni Malatyaspor,2019-07-25,2019-12-29
Sergen Yalcin,Kayserispor,2017-01-14,2017-04-22
Roberto Martínez,Everton FC,2013-08-17,2016-05-11
Roberto Martínez,Wigan Athletic,2012-08-19,2013-05-19
Davide Nicola,FC Crotone,2016-08-14,2017-12-04
Davide Nicola,Genoa CFC,2020-01-05,2020-08-02
Davide Nicola,US Salernitana 1919,2022-02-19,2023-02-13
Davide Nicola,US Livorno 1915,2012-08-12,2014-05-18
Davide Nicola,Udinese Calcio,2018-11-24,2019-03-17
Davide Nicola,Torino FC,2021-01-22,2021-05-23
Gian Piero Ventura,Torino FC,2012-08-18,2016-05-15
Gian Piero Ventura,Chievo Verona,2018-10-21,2018-11-11
Gian Piero Ventura,US Salernitana 1919,2019-08-10,2019-08-17
Manuel Machado,CD Nacional,2012-10-28,2021-05-19
Manuel Machado,Moreirense FC,2017-07-30,2017-10-28
Manuel Machado,FC Arouca,2017-02-18,2017-03-19
Laurent Blanc,Paris Saint-Germain,2013-08-03,2016-05-14
Laurent Blanc,Olympique Lyon,2022-10-16,2023-09-03
David Nielsen,Lyngby BK,2015-08-12,2017-09-24
David Nielsen,Aarhus GF,2017-10-16,2022-03-20
Lito Vidigal,CF Os Belenenses,2014-03-09,2015-03-14
Lito Vidigal,Vitória Setúbal FC,2018-08-11,2020-07-26
Lito Vidigal,FC Arouca,2015-08-16,2017-02-10
Lito Vidigal,Desportivo Aves (- 2020),2017-10-22,2018-01-21
Lito Vidigal,Boavista FC,2019-02-02,2019-12-14
Lito Vidigal,Moreirense FC,2021-12-12,2022-01-22
Lito Vidigal,CS Marítimo,2020-09-20,2020-11-30
Christophe Pélissier,Amiens SC,2017-08-05,2019-05-24
Christophe Pélissier,FC Lorient,2020-08-23,2022-05-21
Christophe Pélissier,AJ Auxerre,2022-10-30,2023-06-03
Graham Potter,Brighton & Hove Albion,2019-08-10,2022-09-04
Graham Potter,Chelsea FC,2022-09-14,2023-04-01
Graham Potter,Swansea City,2019-01-05,2019-03-16
Rúben Amorim,SC Braga,2020-01-04,2020-03-01
Rúben Amorim,Sporting CP,2020-03-08,2023-11-05
Gadzhi Gadzhiev,Anzhi Makhachkala ( -2022),2013-08-17,2014-05-15
Gadzhi Gadzhiev,Amkar Perm,2015-03-09,2018-02-27
Gadzhi Gadzhiev,Volga Nizhniy Novgorod (- 2016),2012-07-21,2012-12-08
Gadzhi Gadzhiev,Krylya Sovetov Samara,2013-03-09,2013-08-04
Peter Sörensen,Aarhus GF,2012-07-13,2014-02-26
Peter Sörensen,Silkeborg IF,2016-07-15,2018-08-08
Peter Sörensen,Vejle Boldklub,2021-08-29,2022-03-13
Peter Sörensen,Hobro IK,2019-02-24,2020-10-07
Peter Stöger,1.FC Köln,2013-08-03,2017-12-02
Peter Stöger,Borussia Dortmund,2017-12-12,2018-05-12
Gaizka Garitano,SD Eibar,2012-08-29,2022-12-21
Gaizka Garitano,Athletic Bilbao,2018-12-10,2021-01-03
Gaizka Garitano,Deportivo de La Coruña,2016-08-19,2017-02-25
Gaizka Garitano,UD Almería,2023-10-22,2023-11-05
Colin Todd,Randers FC,2012-07-14,2016-05-29
Colin Todd,Esbjerg fB,2016-07-17,2016-12-04
Sandro Schwarz,1.FSV Mainz 05,2017-08-12,2019-11-09
Sandro Schwarz,Hertha BSC,2022-07-31,2023-04-14
Sandro Schwarz,Dynamo Moscow,2020-10-24,2022-05-29
Marcelo Bielsa,Athletic Bilbao,2012-08-02,2013-06-01
Marcelo Bielsa,Olympique Marseille,2014-08-09,2015-08-08
Marcelo Bielsa,LOSC Lille,2017-08-06,2017-11-20
Marcelo Bielsa,Leeds United,2019-01-06,2022-02-26
Paulo Sérgio,Portimonense SC,2020-02-15,2023-11-04
Paulo Sérgio,Académica Coimbra,2014-08-16,2015-02-15
Chris Hughton,Norwich City,2012-08-18,2014-04-05
Chris Hughton,Brighton & Hove Albion,2015-01-03,2019-05-12
Chris Hughton,Nottingham Forest,2021-01-09,2021-01-23
Giuseppe Iachini,Siena FC,2012-12-19,2013-05-19
Giuseppe Iachini,Palermo FC,2014-08-23,2016-03-06
Giuseppe Iachini,US Sassuolo,2017-11-29,2018-05-20
Giuseppe Iachini,ACF Fiorentina,2020-01-06,2021-05-22
Giuseppe Iachini,Udinese Calcio,2016-08-13,2016-10-01
Giuseppe Iachini,FC Empoli,2018-11-11,2019-03-11
Ronny Deila,Celtic FC,2014-07-15,2016-05-15
Ronny Deila,Standard Liège,2022-07-22,2023-04-23
Ronny Deila,Club Brugge KV,2023-07-27,2023-11-05
Christian Gourcuff,FC Lorient,2012-08-11,2014-05-17
Christian Gourcuff,Stade Rennais FC,2016-08-14,2017-11-03
Christian Gourcuff,FC Nantes,2019-08-11,2020-12-06
Domenico Tedesco,FC Schalke 04,2017-08-14,2019-03-12
Domenico Tedesco,RB Leipzig,2021-12-11,2022-09-06
Domenico Tedesco,Spartak Moscow,2019-10-19,2021-05-16
Patrick Vieira,OGC Nice,2018-08-11,2020-12-03
Patrick Vieira,Crystal Palace,2021-08-14,2023-03-15
Patrick Vieira,RC Strasbourg Alsace,2023-08-13,2023-11-05
Rubi,Levante UD,2015-10-31,2016-05-15
Rubi,Real Valladolid CF,2014-09-10,2014-12-18
Rubi,RCD Espanyol Barcelona,2018-09-25,2019-05-18
Rubi,UD Almería,2021-11-30,2023-06-04
Rubi,Sporting Gijón,2017-01-22,2017-05-20
Rubi,Real Betis Balompié,2019-08-18,2020-06-20
Javier Aguirre,RCD Espanyol Barcelona,2012-12-02,2014-05-17
Javier Aguirre,CD Leganés,2019-11-08,2020-07-19
Javier Aguirre,RCD Mallorca,2022-04-02,2023-11-04
Lars Söndergaard,SönderjyskE,2012-07-14,2015-06-07
Lars Söndergaard,Aalborg BK,2015-07-20,2016-12-09
Leonid Kuchuk,Lokomotiv Moscow,2013-07-14,2014-09-13
Leonid Kuchuk,Rukh Lviv,2019-08-26,2023-03-19
Leonid Kuchuk,PFK Stal Kamyanske (-2018),2017-02-25,2017-05-31
Leonid Kuchuk,Kuban Krasnodar (-2018),2013-03-08,2015-05-21
Leonid Kuchuk,Arsenal Kyiv,2012-07-15,2012-12-02
Leonid Kuchuk,FK Rostov,2017-07-15,2017-12-02
Danny Buijs,FC Groningen,2018-08-12,2022-05-15
Danny Buijs,KV Mechelen,2022-07-24,2022-10-16
Danny Buijs,Fortuna Sittard,2023-08-13,2023-11-05
Bo Henriksen,AC Horsens,2014-10-29,2020-06-10
Bo Henriksen,FC Midtjylland,2021-07-16,2022-07-26
Arne Slot,AZ Alkmaar,2019-07-25,2020-12-03
Arne Slot,Feyenoord Rotterdam,2021-07-22,2023-11-07
Frédéric Antonetti,Stade Rennais FC,2012-08-11,2013-05-26
Frédéric Antonetti,LOSC Lille,2015-11-28,2016-11-18
Frédéric Antonetti,FC Metz,2020-10-18,2022-05-21
Frédéric Antonetti,RC Strasbourg Alsace,2023-02-18,2023-06-03
André Breitenreiter,Hannover 96,2017-08-13,2019-01-26
André Breitenreiter,FC Schalke 04,2015-08-08,2016-05-14
André Breitenreiter,SC Paderborn 07,2013-08-05,2015-05-23
André Breitenreiter,TSG 1899 Hoffenheim,2022-07-31,2023-02-04
Sergiy Rebrov,Dynamo Kyiv,2014-04-20,2017-05-30
Stefano Colantuono,Atalanta BC,2012-08-18,2015-03-01
Stefano Colantuono,Udinese Calcio,2015-08-16,2016-03-13
Stefano Colantuono,US Salernitana 1919,2018-08-05,2022-02-13
Javier Calleja,Villarreal CF,2017-09-28,2020-07-19
Javier Calleja,Deportivo Alavés,2021-04-10,2021-12-21
Javier Calleja,Levante UD,2022-11-12,2023-10-31
Martin Canning,Hamilton Academical FC,2015-01-17,2019-01-26
Samet Aybaba,Sivasspor,2017-08-12,2018-05-19
Samet Aybaba,Besiktas JK,2012-08-19,2013-05-19
Samet Aybaba,Bursaspor,2018-08-11,2019-04-06
Samet Aybaba,Kayserispor,2019-10-20,2021-01-03
Samet Aybaba,Eskisehirspor,2015-11-22,2016-05-19
Samet Aybaba,Antalyaspor,2013-08-16,2014-03-09
Samet Aybaba,Adana Demirspor,2021-08-15,2021-08-27
Diego Martínez,Granada CF,2018-09-13,2021-05-23
Diego Martínez,RCD Espanyol Barcelona,2022-08-13,2023-04-01
Diego Martínez,Olympiacos Piraeus,2023-08-10,2023-11-09
Diego Martínez,CA Osasuna,2017-09-07,2017-09-20
José Mota,CD Feirense,2016-08-15,2016-12-19
José Mota,GD Chaves,2019-04-06,2019-11-16
José Mota,Gil Vicente FC,2014-09-14,2015-05-23
José Mota,Desportivo Aves (- 2020),2018-01-30,2019-01-11
José Mota,Vitória Setúbal FC,2012-08-19,2013-10-05
José Mota,SC Farense,2023-07-23,2023-11-06
José Mota,FC Paços de Ferreira,2022-10-22,2022-12-11
Abelardo,Sporting Gijón,2014-09-10,2023-01-03
Abelardo,Deportivo Alavés,2017-12-04,2021-04-04
Abelardo,RCD Espanyol Barcelona,2020-01-04,2020-06-25
Marc Brys,Oud-Heverlee Leuven,2020-08-10,2023-10-07
Marc Brys,Sint-Truidense VV,2018-07-28,2019-11-24
Myron Markevych,Metalist Kharkiv (- 2016),2012-07-14,2013-12-04
Myron Markevych,Dnipro Dnipropetrovsk (-2020),2014-07-24,2016-05-15
Manolo Jiménez,Real Zaragoza,2012-08-20,2013-06-01
Manolo Jiménez,AEK Athens,2017-01-22,2021-04-29
Davide Ballardini,Palermo FC,2015-11-22,2016-08-28
Davide Ballardini,Genoa CFC,2013-01-26,2021-11-05
Davide Ballardini,US Cremonese,2023-01-17,2023-08-14
Davide Ballardini,Bologna FC 1909,2014-01-11,2014-05-18
Paco López,Levante UD,2018-03-10,2021-10-02
Paco López,Granada CF,2022-11-13,2023-11-05
Vasyl Sachko,Vorskla Poltava,2014-07-27,2019-03-18
Patrice Garande,SM Caen,2014-08-09,2018-05-19
Alain Casanova,FC Toulouse,2012-08-10,2019-10-05
Frank Wormuth,Heracles Almelo,2018-08-11,2022-05-15
Frank Wormuth,FC Groningen,2022-08-07,2022-11-13
Milan Rastavac,AO Xanthi,2017-08-19,2019-05-05
Milan Rastavac,Asteras Tripolis,2019-12-08,2023-11-05
Jim McIntyre,Ross County FC,2014-09-13,2017-09-23
Jim McIntyre,Dundee FC,2018-10-20,2019-04-06
Mehmet Özdilek,Antalyaspor,2012-08-20,2013-05-19
Mehmet Özdilek,Genclerbirligi Ankara,2013-10-26,2015-12-13
Mehmet Özdilek,Konyaspor,2017-10-29,2018-03-04
Mehmet Özdilek,Denizlispor,2019-10-20,2020-02-15
Mehmet Özdilek,Erzurumspor FK,2018-10-06,2020-11-29
Mehmet Özdilek,Caykur Rizespor,2014-08-29,2014-12-07
Mehmet Özdilek,Kayseri Erciyesspor,2015-01-25,2015-03-21
Oleksandr Babych,FK Mariupol,2017-09-24,2020-06-24
Oleksandr Babych,Chornomorets Odessa,2015-02-27,2017-08-19
Roman Sanzhar,Olimpik Donetsk,2013-08-07,2021-05-09
Roman Sanzhar,Karpaty Lviv (-2021),2019-09-14,2020-03-08
Jakob Michelsen,Odense Boldklub,2018-07-15,2021-03-14
Jakob Michelsen,SönderjyskE,2015-07-17,2016-12-09
Julien Stéphan,Stade Rennais FC,2018-12-05,2021-02-26
Julien Stéphan,RC Strasbourg Alsace,2021-08-08,2023-01-02
Dmitriy Parfenov,Ural Yekaterinburg,2018-07-28,2020-07-19
Dmitriy Parfenov,FC Tosno (-2018),2015-08-27,2018-05-13
Dmitriy Parfenov,Arsenal Tula,2020-11-07,2021-08-26
Robbie Neilson,Heart of Midlothian FC,2014-11-30,2023-04-08
Robbie Neilson,Dundee United FC,2019-01-19,2020-01-28
Vincenzo Italiano,ACF Fiorentina,2021-08-13,2023-11-05
Vincenzo Italiano,Spezia Calcio,2019-08-11,2021-05-23
Mark van Bommel,VfL Wolfsburg,2021-08-08,2021-10-23
Mark van Bommel,Royal Antwerp FC,2022-07-21,2023-11-07
Mark van Bommel,PSV Eindhoven,2018-08-04,2019-12-15
René Girard,Montpellier HSC,2012-07-28,2013-05-26
René Girard,LOSC Lille,2013-08-10,2015-05-23
René Girard,FC Nantes,2016-08-13,2016-12-03
Vítor Pereira,Olympiacos Piraeus,2015-01-11,2015-05-23
Vítor Pereira,Fenerbahce,2015-07-28,2021-12-19
Vítor Pereira,FC Porto,2012-08-11,2013-05-19
Wouter Vrancken,KV Mechelen,2019-07-20,2022-04-10
Wouter Vrancken,KRC Genk,2022-07-24,2023-11-04
Luis García,Getafe CF,2012-08-18,2014-03-08
Luis García,RCD Mallorca,2020-12-16,2022-03-20
Luis García,RCD Espanyol Barcelona,2023-04-08,2023-10-31
Luis García,Villarreal CF,2018-12-13,2019-01-26
Luis García,Deportivo Alavés,2022-11-13,2023-11-05
Asier Garitano,Deportivo Alavés,2019-08-18,2020-07-04
Asier Garitano,CD Leganés,2013-09-11,2018-05-19
Asier Garitano,Real Sociedad,2018-09-25,2018-12-21
Martin Schmidt,1.FSV Mainz 05,2015-02-21,2017-05-20
Martin Schmidt,VfL Wolfsburg,2017-09-19,2018-02-17
Martin Schmidt,FC Augsburg,2019-04-14,2020-03-08
Eusebio,Real Sociedad,2015-11-21,2018-03-17
Eusebio,Girona FC,2018-09-27,2019-05-18
Hubert Fournier,Stade Reims,2012-08-12,2014-05-17
Hubert Fournier,Olympique Lyon,2014-07-31,2015-12-20
Andrea Stramaccioni,Udinese Calcio,2014-08-24,2015-05-31
Andrea Stramaccioni,Panathinaikos Athens,2015-11-28,2016-11-30
Andrea Stramaccioni,Inter Milan,2012-08-02,2013-05-19
Roberto D'Aversa,UC Sampdoria,2021-08-16,2022-01-15
Roberto D'Aversa,Parma Calcio 1913,2017-08-06,2021-05-22
Roberto D'Aversa,US Lecce,2023-08-13,2023-11-05
Mauricio Pellegrino,Deportivo Alavés,2016-08-21,2017-05-27
Mauricio Pellegrino,Southampton FC,2017-08-12,2018-03-10
Mauricio Pellegrino,CD Leganés,2018-09-22,2019-10-19
Mauricio Pellegrino,Valencia CF,2012-08-19,2012-12-01
Leonardo Semplici,SPAL,2015-08-02,2020-02-09
Leonardo Semplici,Spezia Calcio,2023-02-26,2023-06-04
Leonardo Semplici,Cagliari Calcio,2021-02-28,2021-09-12
Dick Lukkien,FC Emmen,2016-09-20,2023-05-28
Francisco Rodríguez,SD Huesca,2018-10-21,2019-05-18
Francisco Rodríguez,Elche CF,2021-12-02,2022-10-03
Francisco Rodríguez,Rayo Vallecano,2023-08-11,2023-11-05
Francisco Rodríguez,UD Almería,2013-08-19,2014-12-08
Francisco Rodríguez,Girona FC,2020-12-17,2021-01-26
Frédéric Hantz,SC Bastia,2012-08-11,2014-05-17
Frédéric Hantz,Montpellier HSC,2016-01-30,2017-01-27
Frédéric Hantz,FC Metz,2017-11-05,2018-05-19
Mesut Bakkal,Konyaspor,2013-12-22,2014-10-24
Mesut Bakkal,Genclerbirligi Ankara,2015-02-22,2017-11-19
Mesut Bakkal,Alanyaspor,2018-03-04,2018-11-04
Mesut Bakkal,Kardemir Karabükspor,2012-11-10,2013-05-05
Mesut Bakkal,Mersin Talimyurdu SK,2015-08-16,2015-09-18
Mesut Bakkal,Erzurumspor FK,2020-12-27,2021-03-21
Mesut Bakkal,Sivasspor,2016-02-14,2016-05-19
Mesut Bakkal,Kayserispor,2017-04-29,2017-06-03
Mesut Bakkal,Bursaspor,2019-04-12,2019-05-26
Georgios Donis,PAOK Thessaloniki,2012-08-02,2013-04-27
Georgios Donis,Panathinaikos Athens,2018-08-26,2020-03-01
Jim Goodwin,St. Mirren FC,2019-08-03,2022-02-12
Jim Goodwin,Aberdeen FC,2022-02-19,2023-01-28
Jim Goodwin,Dundee United FC,2023-03-04,2023-04-22
Dean Smith,Aston Villa,2019-01-05,2021-11-05
Dean Smith,Leicester City,2023-04-15,2023-05-28
Dean Smith,Norwich City,2021-11-20,2022-08-23
Dean Smith,Brentford FC,2016-01-09,2018-01-06
Mustafa Resit Akcay,Trabzonspor,2013-07-18,2014-02-09
Mustafa Resit Akcay,Ankaraspor,2015-08-16,2017-03-18
Mustafa Resit Akcay,Konyaspor,2017-08-13,2017-10-22
Mustafa Resit Akcay,Akhisarspor,2014-08-29,2014-12-28
Mustafa Resit Akcay,MKE Ankaragücü,2020-02-02,2020-06-19
Igor Cherevchenko,Arsenal Tula,2018-11-25,2020-07-01
Igor Cherevchenko,Lokomotiv Moscow,2014-09-21,2016-08-07
Igor Cherevchenko,FK Khimki,2020-09-28,2021-12-12
Frank Lampard,Chelsea FC,2019-08-11,2023-05-28
Frank Lampard,Everton FC,2022-02-05,2023-01-21
João Henriques,FC Paços de Ferreira,2018-01-13,2018-05-13
João Henriques,CD Santa Clara,2018-07-28,2020-07-24
João Henriques,Vitória Guimarães SC,2020-10-19,2021-04-04
João Henriques,Moreirense FC,2021-07-25,2021-11-26
João Henriques,CS Marítimo,2022-09-11,2022-12-07
Jorge Sampaoli,Olympique Marseille,2021-03-10,2022-05-21
Jorge Sampaoli,Sevilla FC,2016-08-09,2023-03-19
Massimo Carrera,Spartak Moscow,2016-08-08,2018-10-21
Massimo Carrera,AEK Athens,2019-12-14,2020-12-21
Massimo Carrera,Juventus FC,2012-08-11,2012-10-07
José Couceiro,Vitória Setúbal FC,2013-10-12,2018-05-13
José Couceiro,GD Estoril Praia,2014-08-18,2015-02-28
Pepe Mel,West Bromwich Albion,2014-01-20,2014-05-11
Pepe Mel,Deportivo de La Coruña,2017-03-02,2017-10-23
Pepe Mel,Real Betis Balompié,2012-08-19,2016-01-09
Abel Ferreira,SC Braga,2016-12-18,2019-03-09
Abel Ferreira,PAOK Thessaloniki,2019-08-06,2020-10-29
Vitaliy Kvartsyanyi,Metalurg Zaporizhya (-2016),2012-09-16,2012-12-01
Vitaliy Kvartsyanyi,Volyn Lutsk,2013-05-11,2017-05-31
Alfons Groenendijk,ADO Den Haag,2017-02-11,2019-11-30
Alfons Groenendijk,Excelsior Rotterdam,2015-08-12,2016-05-08
Pedro Emanuel,FC Arouca,2013-08-18,2015-05-23
Pedro Emanuel,GD Estoril Praia,2017-03-12,2017-10-20
Pedro Emanuel,Académica Coimbra,2012-08-11,2013-04-07
Tolunay Kafkas,Trabzonspor,2013-02-03,2013-05-18
Tolunay Kafkas,Kardemir Karabükspor,2013-08-17,2015-02-22
Tolunay Kafkas,Kayserispor,2015-08-16,2016-02-26
Tolunay Kafkas,Akhisarspor,2016-09-11,2017-03-18
Tolunay Kafkas,MKE Ankaragücü,2023-04-01,2023-09-30
Julio Velázquez,CF Os Belenenses,2015-12-21,2016-10-01
Julio Velázquez,Vitória Setúbal FC,2019-12-01,2020-06-30
Julio Velázquez,Udinese Calcio,2018-08-11,2018-11-11
Julio Velázquez,Fortuna Sittard,2022-09-10,2023-05-28
Julio Velázquez,CS Marítimo,2021-03-12,2021-11-07
Julio Velázquez,Deportivo Alavés,2022-04-10,2022-05-22
Ricardo Soares,Gil Vicente FC,2020-11-29,2022-05-15
Ricardo Soares,Moreirense FC,2020-01-05,2020-10-31
Ricardo Soares,GD Chaves,2016-12-22,2017-05-21
Ricardo Soares,GD Estoril Praia,2023-03-04,2023-05-27
Ricardo Soares,FC Vizela,2016-07-31,2016-10-26
Ricardo Soares,Desportivo Aves (- 2020),2017-07-30,2017-09-30
John Hughes,Inverness Caledonian Thistle FC,2013-12-07,2016-05-14
John Hughes,Ross County FC,2020-12-23,2021-04-02
Pablo Machín,Girona FC,2014-09-09,2018-05-19
Pablo Machín,Deportivo Alavés,2020-09-13,2021-01-10
Pablo Machín,Sevilla FC,2018-07-26,2019-03-14
Pablo Machín,Elche CF,2022-12-20,2023-03-19
Pablo Machín,RCD Espanyol Barcelona,2019-10-20,2019-12-22
Marius Sumudica,Gaziantep FK,2019-08-19,2023-11-06
Marius Sumudica,Kayserispor,2017-08-14,2018-05-14
Marius Sumudica,Caykur Rizespor,2021-01-30,2021-03-03
Marius Sumudica,Yeni Malatyaspor,2021-10-16,2022-02-05
Lucas Alcaraz,Granada CF,2013-02-02,2017-04-09
Lucas Alcaraz,Levante UD,2014-10-24,2015-10-25
Lucas Alcaraz,Aris Thessaloniki,2012-12-09,2013-01-28
Steffen Baumgart,1.FC Köln,2021-08-08,2023-11-04
Steffen Baumgart,SC Paderborn 07,2017-08-14,2021-02-02
Ivan Leko,Sint-Truidense VV,2016-07-30,2017-03-12
Ivan Leko,Club Brugge KV,2017-07-26,2019-03-17
Ivan Leko,Royal Antwerp FC,2020-08-08,2020-12-27
Ivan Leko,Oud-Heverlee Leuven,2014-03-01,2014-03-16
Paul Lambert,Aston Villa,2012-08-18,2015-02-10
Paul Lambert,Wolverhampton Wanderers,2017-01-07,2017-02-18
Paul Lambert,Stoke City,2018-01-20,2018-05-13
Henk de Jong,SC Cambuur Leeuwarden,2014-04-02,2023-11-02
Henk de Jong,De Graafschap Doetinchem,2017-09-19,2019-05-15
Igor Jovicevic,Karpaty Lviv (-2021),2014-07-27,2015-12-03
Igor Jovicevic,SK Dnipro-1,2020-09-26,2021-12-10
Igor Jovicevic,Shakhtar Donetsk,2022-08-23,2023-06-04
Franck Haise,RC Lens,2020-08-23,2023-11-08
Franck Haise,FC Lorient,2016-10-29,2016-11-05
Stanislav Cherchesov,Akhmat Grozny,2012-07-22,2013-05-26
Stanislav Cherchesov,Amkar Perm,2013-07-16,2014-04-05
Stanislav Cherchesov,Dynamo Moscow,2014-04-14,2015-05-30
Gustavo Poyet,Sunderland AFC,2013-10-19,2015-03-14
Gustavo Poyet,AEK Athens,2015-11-01,2016-04-17
Gustavo Poyet,FC Girondins Bordeaux,2018-01-28,2018-08-16
Gustavo Poyet,Real Betis Balompié,2016-08-20,2016-11-06
Bülent Korkmaz,Basaksehir FK,2012-11-17,2013-05-18
Bülent Korkmaz,Antalyaspor,2018-08-13,2019-11-09
Bülent Korkmaz,Alanyaspor,2021-09-13,2021-12-26
Bülent Korkmaz,Kayseri Erciyesspor,2014-08-31,2014-11-23
Bülent Korkmaz,Mersin Talimyurdu SK,2015-09-27,2015-12-27
Bülent Korkmaz,Konyaspor,2020-02-15,2020-07-25
Bülent Korkmaz,Caykur Rizespor,2022-02-27,2022-05-20
Ismail Kartal,Fenerbahce,2014-08-31,2022-05-21
Ismail Kartal,MKE Ankaragücü,2018-08-10,2018-12-15
Ismail Kartal,Gaziantepspor (- 2020),2016-08-21,2016-12-04
Ismail Kartal,Caykur Rizespor,2019-08-17,2020-02-29
Ismail Kartal,Konyaspor,2020-09-19,2021-02-07
Ismail Kartal,Eskisehirspor,2015-10-18,2015-11-06
Andrey Talalaev,Volga Nizhniy Novgorod (- 2016),2014-03-31,2015-09-23
Andrey Talalaev,Akhmat Grozny,2020-08-09,2022-09-10
Andrey Talalaev,Torpedo Moscow,2022-10-15,2023-03-19
Andrey Talalaev,Krylya Sovetov Samara,2020-06-30,2020-07-15
Andrey Talalaev,PFK Tambov (-2021),2016-09-22,2017-10-25
Andrey Talalaev,FK Khimki,2019-08-21,2023-11-01
Óscar García,AS Saint-Étienne,2017-08-05,2017-10-29
Óscar García,Olympiacos Piraeus,2018-01-10,2018-03-31
Óscar García,Stade Reims,2021-08-08,2022-10-08
Óscar García,Celta de Vigo,2019-11-09,2020-11-06
Óscar García,Brighton & Hove Albion,2014-01-04,2014-02-24
Thomas Letsch,Vitesse Arnhem,2020-09-13,2022-09-17
Thomas Letsch,VfL Bochum,2022-10-01,2023-11-03
Paul Hartley,Dundee FC,2014-08-13,2017-04-15
Miguel Leal,FC Penafiel,2012-07-29,2019-12-21
Miguel Leal,Moreirense FC,2014-08-17,2016-05-15
Miguel Leal,Boavista FC,2016-10-21,2017-09-10
Miguel Leal,FC Arouca,2018-07-22,2018-07-29
Murad Musaev,FK Krasnodar,2018-04-07,2021-04-03
David Wagner,Huddersfield Town,2016-01-09,2019-01-12
David Wagner,FC Schalke 04,2019-08-10,2020-09-26
David Wagner,Norwich City,2023-01-08,2023-09-27
László Bölöni,Royal Antwerp FC,2017-07-28,2020-03-07
László Bölöni,Panathinaikos Athens,2020-10-24,2021-03-14
László Bölöni,FC Metz,2023-08-13,2023-11-05
László Bölöni,KAA Gent,2020-08-22,2020-09-11
Steve Clarke,West Bromwich Albion,2012-08-18,2013-12-14
Steve Clarke,Kilmarnock FC,2017-10-25,2019-04-06
Steve Clarke,Reading FC,2015-01-03,2015-04-18
Ernest Faber,FC Groningen,2016-08-07,2018-05-06
Ernest Faber,NEC Nijmegen,2015-08-12,2016-05-08
Ernest Faber,PSV Eindhoven,2014-03-29,2020-03-08
Giannis Matzourakis,Panetolikos GFS,2015-10-18,2017-01-15
Giannis Matzourakis,AOK Kerkyra,2018-01-27,2018-05-05
Giannis Matzourakis,AEL Kalloni,2013-08-19,2015-01-14
Giannis Matzourakis,GS Ergotelis,2015-02-14,2015-02-23
Giannis Matzourakis,Apollon Smyrnis,2018-10-07,2018-11-24
Alexander Zorniger,Bröndby IF,2016-06-30,2019-02-17
Alexander Zorniger,VfB Stuttgart,2015-08-08,2015-11-21
Kemal Özdes,Kasimpasa,2016-09-19,2023-06-06
Kemal Özdes,Balikesirspor,2014-12-06,2015-04-26
Kemal Özdes,Göztepe,2018-12-14,2019-02-22
Kemal Özdes,Yeni Malatyaspor,2020-02-02,2020-03-01
Rémi Garde,Olympique Lyon,2012-07-28,2014-05-17
Rémi Garde,Aston Villa,2015-11-08,2016-03-19
Armin Veh,Eintracht Frankfurt,2012-08-19,2016-03-05
Armin Veh,VfB Stuttgart,2014-08-16,2014-11-23
David Guion,Stade Reims,2016-04-30,2021-05-23
David Guion,FC Girondins Bordeaux,2022-02-20,2022-05-21
Pascal Jansen,AZ Alkmaar,2020-12-06,2023-11-04
Huub Stevens,TSG 1899 Hoffenheim,2015-10-31,2016-02-07
Huub Stevens,PAOK Thessaloniki,2013-07-30,2014-03-02
Huub Stevens,VfB Stuttgart,2014-03-15,2015-05-23
Huub Stevens,FC Schalke 04,2012-08-19,2020-12-22
Igor Shalimov,FK Krasnodar,2016-09-15,2018-04-01
Igor Shalimov,Akhmat Grozny,2019-10-05,2020-07-22
Igor Shalimov,Ural Yekaterinburg,2021-08-14,2022-08-06
Igor Shalimov,FK Khimki,2018-08-22,2018-09-26
Andoni Iraola,AFC Bournemouth,2023-08-12,2023-11-04
Andoni Iraola,Rayo Vallecano,2020-12-17,2023-06-04
Staikos Vergetis,Asteras Tripolis,2013-10-05,2017-09-09
Alfred Schreuder,Twente Enschede FC,2013-03-02,2015-08-29
Alfred Schreuder,Ajax Amsterdam,2022-07-30,2023-01-26
Alfred Schreuder,Club Brugge KV,2022-01-15,2022-04-10
Alfred Schreuder,TSG 1899 Hoffenheim,2019-08-10,2020-06-06
Shota Arveladze,Kayserispor,2012-08-19,2012-09-30
Shota Arveladze,Kasimpasa,2012-10-21,2015-03-13
Shota Arveladze,Trabzonspor,2015-07-16,2015-11-07
Nuno Manta Santos,CD Feirense,2016-12-22,2019-02-02
Nuno Manta Santos,Desportivo Aves (- 2020),2019-11-30,2020-07-26
Nuno Manta Santos,CS Marítimo,2019-08-03,2019-11-10
Karim Belhocine,KV Kortrijk,2016-02-13,2022-08-28
Karim Belhocine,RSC Charleroi,2019-07-28,2021-04-17
Karim Belhocine,RSC Anderlecht,2018-12-22,2018-12-27
Uwe Rösler,Aarhus GF,2022-07-17,2023-11-06
Uwe Rösler,Fortuna Düsseldorf,2020-02-01,2020-12-23
Uwe Rösler,Wigan Athletic,2013-12-12,2014-04-12
Uwe Rösler,Brentford FC,2012-11-03,2013-11-09
Ilhan Palut,Göztepe,2019-11-10,2021-01-09
Ilhan Palut,Konyaspor,2021-02-14,2023-01-14
Juan Ignacio Martínez,Levante UD,2012-08-19,2013-06-01
Juan Ignacio Martínez,Real Valladolid CF,2013-08-17,2014-05-18
Juan Ignacio Martínez,UD Almería,2014-12-16,2015-04-04
Juan Ignacio Martínez,Real Zaragoza,2020-12-16,2022-01-06
Traianos Dellas,Panetolikos GFS,2018-01-14,2021-03-14
Traianos Dellas,Atromitos Athens,2015-11-07,2016-09-18
Traianos Dellas,AEK Athens,2013-04-14,2015-10-17
Sjors Ultee,Fortuna Sittard,2019-08-04,2022-08-20
Sjors Ultee,SC Cambuur Leeuwarden,2023-01-08,2023-05-28
Joaquín Caparrós,Levante UD,2013-08-18,2014-05-16
Joaquín Caparrós,RCD Mallorca,2012-08-18,2013-02-03
Joaquín Caparrós,CA Osasuna,2016-11-21,2017-01-03
Joaquín Caparrós,Granada CF,2014-08-23,2015-01-14
Joaquín Caparrós,Sevilla FC,2018-05-04,2019-05-18
Igor Osinjkin,Krylya Sovetov Samara,2020-08-26,2023-11-05
Igor Osinjkin,Kuban Krasnodar (-2018),2015-09-23,2016-05-21
Jackie McNamara,Dundee United FC,2013-02-02,2015-09-26
Francesco Guidolin,Udinese Calcio,2012-08-22,2014-05-17
Francesco Guidolin,Swansea City,2016-01-24,2016-10-01
Johnny Mölby,AC Horsens,2012-07-16,2014-04-09
Johnny Mölby,Viborg FF,2015-07-18,2017-03-19
Johnny Mölby,Vendsyssel FF,2019-08-28,2019-10-09
Vladimir Ivic,PAOK Thessaloniki,2016-03-12,2017-05-06
Vladimir Ivic,FK Krasnodar,2023-02-23,2023-11-05
Luca Gotti,Udinese Calcio,2019-10-20,2021-12-06
Luca Gotti,Spezia Calcio,2022-08-06,2023-02-11
Yannick Ferrera,RSC Charleroi,2012-07-28,2013-02-09
Yannick Ferrera,Standard Liège,2015-09-13,2016-08-28
Yannick Ferrera,KV Mechelen,2016-09-16,2017-10-21
Yannick Ferrera,SK Beveren,2018-07-28,2018-11-10
Yannick Ferrera,Sint-Truidense VV,2015-07-24,2015-08-29
Brian Priske,FC Midtjylland,2012-12-02,2021-04-15
Brian Priske,Royal Antwerp FC,2021-07-25,2022-04-09
Andrea Mandorlini,Hellas Verona,2012-08-12,2015-11-29
Andrea Mandorlini,Genoa CFC,2017-02-26,2017-04-09
Sergey Tashuev,Metalurg Donetsk (- 2015),2013-08-08,2014-05-18
Sergey Tashuev,Kuban Krasnodar (-2018),2015-09-19,2016-04-24
Sergey Tashuev,Akhmat Grozny,2022-09-29,2023-08-14
Sergey Tashuev,Fakel Voronezh,2023-09-17,2023-11-04
Sergey Tashuev,Anzhi Makhachkala ( -2022),2014-08-30,2014-09-24
Callum Davidson,St. Johnstone FC,2014-03-22,2023-04-15
Filippo Inzaghi,AC Milan,2014-08-31,2015-05-30
Filippo Inzaghi,US Salernitana 1919,2023-10-22,2023-11-04
Filippo Inzaghi,Benevento Calcio,2019-08-11,2021-05-23
Filippo Inzaghi,Bologna FC 1909,2018-08-12,2019-01-27
Jean-Louis Gasset,Montpellier HSC,2017-02-04,2017-05-20
Jean-Louis Gasset,AS Saint-Étienne,2018-01-14,2019-05-24
Jean-Louis Gasset,FC Girondins Bordeaux,2020-08-21,2021-05-23
Pellegrino Matarazzo,TSG 1899 Hoffenheim,2023-02-11,2023-11-04
Pellegrino Matarazzo,VfB Stuttgart,2020-02-05,2022-10-09
Oleksandr Ryabokon,Desna Chernigiv,2012-08-22,2021-12-10
Alex Pastoor,Sparta Rotterdam,2015-09-22,2017-12-17
Alex Pastoor,Almere City FC,2022-10-18,2023-11-05
Alex Pastoor,AZ Alkmaar,2014-08-30,2014-09-13
Alex Pastoor,NEC Nijmegen,2012-08-12,2013-08-17
Xavi,FC Barcelona,2021-11-20,2023-11-07
Mitchell van der Gaag,CF Os Belenenses,2012-07-29,2013-10-05
Mitchell van der Gaag,Excelsior Rotterdam,2016-08-06,2018-05-06
Mitchell van der Gaag,NAC Breda,2018-08-12,2019-03-16
Yuriy Maksymov,Metalurg Donetsk (- 2015),2012-08-26,2013-08-04
Yuriy Maksymov,Vorskla Poltava,2019-11-23,2021-12-11
Yuriy Maksymov,Mordovia Saransk (-2020),2013-08-31,2014-03-01
Yuriy Maksymov,SK Dnipro-1,2023-09-17,2023-11-06
Aleksandar Jankovic,KV Mechelen,2014-07-27,2018-01-23
Aleksandar Jankovic,Standard Liège,2016-09-11,2017-03-12
João Pedro Sousa,FC Famalicão,2019-08-03,2023-11-04
João Pedro Sousa,Boavista FC,2021-07-25,2021-11-27
Bruno Lage,SL Benfica,2019-01-06,2020-06-29
Bruno Lage,Wolverhampton Wanderers,2021-08-14,2022-10-01
Johnny Jansen,SC Heerenveen,2019-01-20,2022-01-22
Johnny Jansen,PEC Zwolle,2023-08-12,2023-11-05
Marko Nikolic,Lokomotiv Moscow,2020-06-21,2021-10-03
Frank Vercauteren,Krylya Sovetov Samara,2014-08-30,2016-10-31
Frank Vercauteren,RSC Anderlecht,2019-10-20,2020-08-16
Frank Vercauteren,Royal Antwerp FC,2021-01-17,2021-04-17
Frank Vercauteren,Sporting CP,2012-11-04,2013-01-05
Frank Vercauteren,KV Mechelen,2014-01-19,2014-03-16
Adrie Koster,Willem II Tilburg,2018-08-11,2021-01-22
Adrie Koster,Beerschot AC,2012-07-28,2012-11-24
Stuart McCall,Motherwell FC,2012-07-31,2014-10-31
Heiko Herrlich,FC Augsburg,2020-05-16,2021-04-23
Heiko Herrlich,Bayer 04 Leverkusen,2017-08-11,2018-12-22
Damir Canadi,Atromitos Athens,2017-08-21,2021-02-03
Ólafur Helgi Kristjánsson,Randers FC,2016-07-18,2017-09-29
Ólafur Helgi Kristjánsson,FC Nordsjaelland,2014-07-18,2015-12-06
Ólafur Helgi Kristjánsson,Esbjerg fB,2020-09-01,2020-11-11
Aleksandr Khatskevich,Dynamo Kyiv,2017-07-15,2019-08-13
Aleksandr Khatskevich,Rotor Volgograd,2020-08-11,2021-03-17
Aleksandr Tarkhanov,Ural Yekaterinburg,2013-11-30,2018-05-13
Ange Postecoglou,Celtic FC,2021-07-20,2023-06-03
Ange Postecoglou,Tottenham Hotspur,2023-08-13,2023-11-06
José Peseiro,Vitória Guimarães SC,2018-03-04,2018-05-12
José Peseiro,FC Porto,2016-01-24,2016-05-14
José Peseiro,SC Braga,2012-08-18,2016-12-11
José Peseiro,Sporting CP,2018-08-12,2018-10-31
Bo Svensson,1.FSV Mainz 05,2021-01-09,2023-11-01
Vladimir Petkovic,SS Lazio,2012-08-23,2013-12-22
Vladimir Petkovic,FC Girondins Bordeaux,2021-08-08,2022-02-06
Ertugrul Saglam,Bursaspor,2012-08-02,2015-11-27
Ertugrul Saglam,Eskisehirspor,2013-08-18,2015-01-04
Ertugrul Saglam,Kayserispor,2018-05-18,2018-12-01
Ertugrul Saglam,Yeni Malatyaspor,2017-08-13,2017-09-11
Derek Adams,Ross County FC,2012-08-04,2014-08-23
Sebastian Hoeneß,TSG 1899 Hoffenheim,2020-09-13,2022-05-14
Sebastian Hoeneß,VfB Stuttgart,2023-04-05,2023-11-05
Gertjan Verbeek,VfL Bochum,2015-08-09,2016-08-21
Gertjan Verbeek,AZ Alkmaar,2012-08-12,2013-09-28
Gertjan Verbeek,Twente Enschede FC,2017-11-05,2018-03-17
Gertjan Verbeek,1.FC Nuremberg,2013-10-25,2014-04-20
Míchel,Rayo Vallecano,2017-09-06,2019-03-17
Míchel,Girona FC,2021-12-02,2023-11-04
Míchel,SD Huesca,2019-12-19,2021-01-11
Jacob Friis,Aalborg BK,2018-11-30,2020-10-26
Jacob Friis,Viborg FF,2022-02-21,2023-11-05
Dmitriy Alenichev,Spartak Moscow,2015-07-17,2016-08-04
Dmitriy Alenichev,Enisey Krasnoyarsk,2017-08-23,2019-05-26
Dmitriy Alenichev,Arsenal Tula,2012-07-11,2015-05-30
Juande Ramos,Dnipro Dnipropetrovsk (-2020),2012-07-15,2014-05-18
Juande Ramos,Málaga CF,2016-08-19,2016-12-20
Vicente Moreno,RCD Mallorca,2017-09-06,2020-07-19
Vicente Moreno,RCD Espanyol Barcelona,2020-12-16,2022-05-11
Vicente Moreno,UD Almería,2023-08-11,2023-09-26
Miroslav Djukic,Córdoba CF,2014-10-25,2015-03-15
Miroslav Djukic,Real Valladolid CF,2012-08-20,2013-06-01
Miroslav Djukic,Valencia CF,2013-08-17,2013-12-15
David Martindale,Livingston FC,2019-08-31,2023-11-01
Vasco Seabra,Moreirense FC,2021-01-09,2021-05-19
Vasco Seabra,FC Paços de Ferreira,2016-01-03,2017-10-21
Vasco Seabra,Boavista FC,2020-09-19,2020-12-06
Vasco Seabra,CS Marítimo,2021-11-28,2022-09-04
Vasco Seabra,GD Estoril Praia,2023-10-07,2023-11-03
Ömer Erdogan,Hatayspor,2020-09-14,2022-05-22
Ömer Erdogan,Alanyaspor,2023-04-28,2023-06-03
Ömer Erdogan,MKE Ankaragücü,2022-09-04,2023-02-04
Ünal Karaman,Trabzonspor,2018-08-12,2019-12-28
Ünal Karaman,Göztepe,2021-01-24,2021-08-29
Ünal Karaman,Kardemir Karabükspor,2018-03-30,2018-05-18
Ünal Karaman,Caykur Rizespor,2020-03-08,2020-07-13
